[{"id":"user-image-2111646.png","publicUrl":"np://user.desktop.nicepage.com/Site_91576632/images/2111646.png","size":4868,"hash":"NY5Z5aeo8Ive0Ijf0Gd9exIv11M=","fileName":"2111646.png","name":"2111646","width":128,"height":128,"thumbnail":{"url":"np://user.desktop.nicepage.com/Site_91576632/images/thumbnails/2111646.png","width":128,"height":128,"length":4868,"type":"png"},"folderId":null,"usages":["94186831","88708198"]},{"id":"user-image-image.png","publicUrl":"np://user.desktop.nicepage.com/Site_91576632/images/image.png","size":771915,"hash":"A+Yao5nesVAU/rr5Yu5gcQd2HBQ=","fileName":"image.png","name":"image","width":1610,"height":1062,"thumbnail":{"url":"np://user.desktop.nicepage.com/Site_91576632/images/thumbnails/image.png","width":250,"height":165},"folderId":null,"usages":["94186831"]},{"id":"user-image-logo.svg","publicUrl":"np://user.desktop.nicepage.com/Site_91576632/images/logo.svg","size":16595,"hash":"8dk0aZB12mb8LIAaq+fMzfCF7SI=","fileName":"logo.svg","name":"logo","width":150,"height":30,"thumbnail":{"url":"np://user.desktop.nicepage.com/Site_91576632/images/logo.svg","width":150,"height":30,"length":16595,"type":"svg"},"folderId":null,"usages":[]},{"id":"user-image-733585.png","publicUrl":"np://user.desktop.nicepage.com/Site_91576632/images/733585.png","size":4252,"hash":"iDfADGol39CZimZ8sAm2uuJljxs=","fileName":"733585.png","name":"733585","width":128,"height":128,"thumbnail":{"url":"np://user.desktop.nicepage.com/Site_91576632/images/thumbnails/733585.png","width":128,"height":128,"length":4252,"type":"png"},"folderId":null,"originalUrl":"//images01.nicepagecdn.com/c461c07a441a5d220e8feb1a/b919821c7e5a5da29f18b44c/733585.png","usages":["94186831","88708198"]},{"id":"user-image-76ad54de-76a3-4973-8d72-5982d76db00c.jpg","publicUrl":"np://user.desktop.nicepage.com/Site_91576632/images/76ad54de-76a3-4973-8d72-5982d76db00c.jpg","size":50983,"hash":"9thrDh1noqqclJnp+vEDWnQyduM=","fileName":"76ad54de-76a3-4973-8d72-5982d76db00c.jpg","name":"76ad54de-76a3-4973-8d72-5982d76db00c","width":450,"height":520,"thumbnail":{"url":"np://user.desktop.nicepage.com/Site_91576632/images/thumbnails/76ad54de-76a3-4973-8d72-5982d76db00c.jpg","width":216,"height":250},"folderId":null,"originalUrl":"//images01.nicepagecdn.com/c461c07a441a5d220e8feb1a/caf716dfc20f5c49bc47561c/76ad54de-76a3-4973-8d72-5982d76db00c.jpg","usages":["94186831"]},{"id":"user-image-24974f46-7b66-12b8-3abf-c6083e0a2c1f.jpg","publicUrl":"np://user.desktop.nicepage.com/Site_91576632/images/24974f46-7b66-12b8-3abf-c6083e0a2c1f.jpg","size":152716,"hash":"XJ/weItMX98wzORJnNq1ITFFiLU=","fileName":"24974f46-7b66-12b8-3abf-c6083e0a2c1f.jpg","name":"24974f46-7b66-12b8-3abf-c6083e0a2c1f","width":1200,"height":899,"thumbnail":{"url":"np://user.desktop.nicepage.com/Site_91576632/images/thumbnails/24974f46-7b66-12b8-3abf-c6083e0a2c1f.jpg","width":250,"height":187},"folderId":null,"originalUrl":"//images01.nicepagecdn.com/c461c07a441a5d220e8feb1a/44d412821e5c53e4a61869ec/24974f46-7b66-12b8-3abf-c6083e0a2c1f.jpg","usages":["94186831"]},{"id":"user-image-gffgfg.jpg","publicUrl":"np://user.desktop.nicepage.com/Site_91576632/images/gffgfg.jpg","size":13800,"hash":"bV3ro/kscUbdC1F9mXGM1wOUqBU=","fileName":"gffgfg.jpg","name":"gffgfg","width":206,"height":206,"thumbnail":{"url":"np://user.desktop.nicepage.com/Site_91576632/images/thumbnails/gffgfg.jpg","height":206,"width":206,"length":13800,"type":"jpg"},"folderId":null,"originalUrl":"//images01.nicepagecdn.com/c461c07a441a5d220e8feb1a/b8826e852f63537a8c1ef575/gffgfg.jpg","usages":["94186831"]},{"id":"user-image-edfmin1.jpg","publicUrl":"np://user.desktop.nicepage.com/Site_91576632/images/edfmin1.jpg","size":397470,"hash":"BUnBe0XvOk7qZsvIKsfwqiiGibk=","fileName":"edfmin1.jpg","name":"edfmin1","width":1980,"height":1320,"thumbnail":{"url":"np://user.desktop.nicepage.com/Site_91576632/images/thumbnails/edfmin1.jpg","width":250,"height":167},"folderId":null,"originalUrl":"//images03.nicepagecdn.com/c461c07a441a5d220e8feb1a/0890838e72745092aab92f97/edfmin1.jpg","usages":["94186831"]},{"id":"user-image-13064dd8-b859-4a0d-8b5b-0944d529a9c2.jpg","publicUrl":"np://user.desktop.nicepage.com/Site_91576632/images/13064dd8-b859-4a0d-8b5b-0944d529a9c2.jpg","size":81098,"hash":"JFpFd+Tc6O8T+efST+txz+IVU+4=","fileName":"13064dd8-b859-4a0d-8b5b-0944d529a9c2.jpg","name":"13064dd8-b859-4a0d-8b5b-0944d529a9c2","width":598,"height":598,"thumbnail":{"url":"np://user.desktop.nicepage.com/Site_91576632/images/thumbnails/13064dd8-b859-4a0d-8b5b-0944d529a9c2.jpg","width":250,"height":250},"folderId":null,"originalUrl":"//images01.nicepagecdn.com/c461c07a441a5d220e8feb1a/6ae86b907f44543284a736f4/13064dd8-b859-4a0d-8b5b-0944d529a9c2.jpg","usages":["94186831"]},{"id":"user-image-b5f9e7f9-f0cf-42fb-96c9-3156bc7d64a2.jpg","publicUrl":"np://user.desktop.nicepage.com/Site_91576632/images/b5f9e7f9-f0cf-42fb-96c9-3156bc7d64a2.jpg","size":84443,"hash":"9qCMKxe0eiyttBEaJv2kv/wmq34=","fileName":"b5f9e7f9-f0cf-42fb-96c9-3156bc7d64a2.jpg","name":"b5f9e7f9-f0cf-42fb-96c9-3156bc7d64a2","width":598,"height":598,"thumbnail":{"url":"np://user.desktop.nicepage.com/Site_91576632/images/thumbnails/b5f9e7f9-f0cf-42fb-96c9-3156bc7d64a2.jpg","width":250,"height":250},"folderId":null,"originalUrl":"//images01.nicepagecdn.com/c461c07a441a5d220e8feb1a/39261fbbefa65d409eb3d909/b5f9e7f9-f0cf-42fb-96c9-3156bc7d64a2.jpg","usages":["94186831"]},{"id":"user-image-dswamin.png","publicUrl":"np://user.desktop.nicepage.com/Site_91576632/images/dswamin.png","size":221535,"hash":"fv+fYLKR/n4oc9rH1t0GBk+Hexk=","fileName":"dswamin.png","name":"dswamin","width":780,"height":1170,"thumbnail":{"url":"np://user.desktop.nicepage.com/Site_91576632/images/thumbnails/dswamin.png","width":167,"height":250},"folderId":null,"originalUrl":"//images03.nicepagecdn.com/c461c07a441a5d220e8feb1a/a7037178e5eb59418bab6c44/dswamin.png","usages":["94186831"]},{"id":"user-image-new.png","publicUrl":"np://user.desktop.nicepage.com/Site_91576632/images/new.png","size":26753,"hash":"bkmIwgYHCvFZYZwarRCSo/RzIw8=","fileName":"new.png","name":"new","width":2500,"height":1278,"thumbnail":{"url":"np://user.desktop.nicepage.com/Site_91576632/images/thumbnails/new.png","width":250,"height":128},"folderId":null,"originalUrl":"//images01.nicepagecdn.com/c461c07a441a5d220e8feb1a/6d698987cd165fc9b92041ed/new.png","usages":["94186831"]}]